Accurracy After n Branches, Accurracy in %
1000, 72.9%
2000, 86.45%
3000, 90.6%
4000, 92.95%
5000, 94.16%
6000, 95.1167%
7000, 95.8143%
8000, 96.325%
9000, 96.7222%
10000, 97.05%
11000, 97.3091%
12000, 97.5333%
13000, 97.7154%
14000, 97.8714%
15000, 98.0133%
16000, 98.1312%
17000, 98.2353%
18000, 98.3333%
19000, 98.4158%
20000, 98.495%
21000, 98.4%
22000, 98.4682%
23000, 98.5348%
24000, 98.5917%
25000, 98.644%
26000, 98.6962%
27000, 98.7407%
28000, 98.7857%
29000, 98.8241%
30000, 98.86%
31000, 98.8968%
32000, 98.9281%
33000, 98.9576%
34000, 98.9882%
35000, 99.0143%
36000, 99.0417%
37000, 99.0649%
38000, 99.0868%
39000, 99.1103%
40000, 99.0475%
41000, 99.0683%
42000, 99.0905%
43000, 99.1093%
44000, 99.1273%
45000, 99.1467%
46000, 99.163%
47000, 99.1809%
48000, 99.1958%
49000, 99.2102%
50000, 99.226%
51000, 99.2392%
52000, 99.2519%
53000, 99.266%
54000, 99.2778%
55000, 99.2909%
56000, 99.3018%
57000, 99.3123%
58000, 99.3241%
59000, 99.3017%
60000, 99.3117%
61000, 99.323%
62000, 99.3323%
63000, 99.3429%
64000, 99.3516%
65000, 99.36%
66000, 99.3697%
67000, 99.3776%
68000, 99.3853%
69000, 99.3942%
70000, 99.4014%
71000, 99.4099%
72000, 99.4167%
73000, 99.4233%
74000, 99.4311%
75000, 99.4373%
76000, 99.4434%
77000, 99.4506%
78000, 99.4308%
79000, 99.438%
80000, 99.4437%
81000, 99.4494%
82000, 99.4561%
83000, 99.4614%
84000, 99.4667%
85000, 99.4729%
86000, 99.4779%
87000, 99.4839%
88000, 99.4886%
89000, 99.4933%
90000, 99.4989%
91000, 99.5033%
92000, 99.5076%
93000, 99.5129%
94000, 99.517%
95000, 99.5221%
96000, 99.526%
97000, 99.5113%
98000, 99.5163%
99000, 99.5202%
100000, 99.524%
101000, 99.5287%
102000, 99.5324%
103000, 99.5369%
104000, 99.5404%
105000, 99.5438%
106000, 99.5481%
107000, 99.5514%
108000, 99.5546%
109000, 99.5587%
110000, 99.5618%
111000, 99.5649%
112000, 99.5687%
113000, 99.5717%
114000, 99.5754%
115000, 99.5783%
116000, 99.5724%
117000, 99.5692%
118000, 99.572%
119000, 99.5748%
120000, 99.5783%
121000, 99.581%
122000, 99.5844%
123000, 99.587%
124000, 99.5895%
125000, 99.5928%
126000, 99.5952%
127000, 99.5976%
128000, 99.6008%
129000, 99.6031%
130000, 99.6062%
131000, 99.6084%
132000, 99.6106%
133000, 99.6135%
134000, 99.6157%
135000, 99.6178%
136000, 99.6176%
137000, 99.6197%
138000, 99.6225%
139000, 99.6245%
140000, 99.6264%
141000, 99.6291%
142000, 99.631%
143000, 99.6329%
144000, 99.6354%
145000, 99.6372%
146000, 99.6397%
147000, 99.6415%
148000, 99.6432%
149000, 99.6456%
150000, 99.6473%
151000, 99.649%
152000, 99.6513%
153000, 99.6529%
154000, 99.6552%
155000, 99.6555%
156000, 99.6571%
157000, 99.6592%
158000, 99.6608%
159000, 99.6623%
160000, 99.6644%
161000, 99.6658%
162000, 99.6679%
163000, 99.6693%
164000, 99.6707%
165000, 99.6727%
166000, 99.6741%
167000, 99.6754%
168000, 99.6774%
169000, 99.6787%
170000, 99.68%
171000, 99.6819%
172000, 99.6831%
173000, 99.685%
174000, 99.6851%
175000, 99.6863%
176000, 99.6881%
177000, 99.6893%
178000, 99.6905%
179000, 99.6922%
180000, 99.6933%
181000, 99.695%
182000, 99.6962%
183000, 99.6973%
184000, 99.6989%
185000, 99.7%
186000, 99.7011%
187000, 99.7027%
188000, 99.7037%
189000, 99.7053%
190000, 99.7063%
191000, 99.7073%
192000, 99.7089%
193000, 99.7088%
194000, 99.7098%
195000, 99.7113%
196000, 99.7122%
197000, 99.7137%
198000, 99.7146%
199000, 99.7156%
200000, 99.717%
201000, 99.7179%
202000, 99.7188%
203000, 99.7202%
204000, 99.7211%
205000, 99.7224%
206000, 99.7233%
207000, 99.7242%
208000, 99.7255%
209000, 99.7263%
210000, 99.7271%
211000, 99.7284%
212000, 99.7283%
213000, 99.7296%
214000, 99.7304%
215000, 99.7312%
216000, 99.7324%
217000, 99.7332%
218000, 99.7339%
219000, 99.7352%
220000, 99.7359%
221000, 99.7371%
222000, 99.7378%
223000, 99.7386%
224000, 99.7397%
225000, 99.7404%
226000, 99.7411%
227000, 99.7423%
228000, 99.743%
229000, 99.7437%
230000, 99.7448%
231000, 99.7455%
232000, 99.7457%
233000, 99.7464%
234000, 99.747%
235000, 99.7481%
236000, 99.7487%
237000, 99.7494%
238000, 99.7504%
239000, 99.7146%
240000, 99.6488%
241000, 99.5855%
242000, 99.4967%
243000, 99.3222%
244000, 99.1955%
245000, 99.0886%
246000, 99.0463%
247000, 98.9798%
248000, 98.9544%
249000, 98.8795%
250000, 98.8568%
251000, 98.8478%
252000, 98.8437%
253000, 98.8443%
254000, 98.8406%
255000, 98.8369%
256000, 98.8332%
257000, 98.8335%
258000, 98.8349%
259000, 98.7015%
260000, 98.6112%
261000, 98.554%
262000, 98.4962%
263000, 98.4639%
264000, 98.3974%
265000, 98.3792%
266000, 98.3158%
267000, 98.2891%
268000, 98.2231%
269000, 98.1844%
270000, 98.1348%
271000, 98.0576%
272000, 98.0081%
273000, 97.9385%
274000, 97.8858%
275000, 97.8316%
276000, 97.8004%
277000, 97.7534%
278000, 97.714%
279000, 97.6717%
280000, 97.6071%
281000, 97.5612%
282000, 97.5046%
283000, 97.4739%
284000, 97.4331%
285000, 97.4109%
286000, 97.3671%
287000, 97.2913%
288000, 97.243%
289000, 97.1754%
290000, 97.1159%
291000, 97.0625%
292000, 97.0329%
293000, 97.0324%
294000, 97.0378%
295000, 97.0434%
296000, 97.0507%
297000, 97.0569%
298000, 97.0641%
299000, 97.0699%
300000, 97.077%
301000, 97.0834%
302000, 97.0904%
303000, 97.0871%
304000, 97.0408%
305000, 97.0207%
306000, 96.9768%
307000, 96.9515%
308000, 96.9269%
309000, 96.8916%
310000, 96.8755%
311000, 96.837%
312000, 96.8324%
313000, 96.7946%
314000, 96.7882%
315000, 96.7356%
316000, 96.6905%
317000, 96.6625%
318000, 96.6236%
319000, 96.6163%
320000, 96.5612%
321000, 96.553%
322000, 96.5081%
323000, 96.4743%
324000, 96.4435%
325000, 96.3938%
326000, 96.3706%
327000, 96.3232%
328000, 96.2896%
329000, 96.259%
330000, 96.223%
331000, 96.1949%
332000, 96.1542%
333000, 96.1294%
334000, 96.0817%
335000, 96.0445%
336000, 96.0125%
337000, 95.9813%
338000, 95.9828%
339000, 95.9914%
340000, 96%
341000, 96.0085%
342000, 96.017%
343000, 96.0262%
344000, 96.0352%
345000, 96.0438%
346000, 96.052%
347000, 96.0611%
348000, 96.0698%
349000, 96.0415%
350000, 96.0211%
351000, 96.0017%
352000, 95.9645%
353000, 95.9462%
354000, 95.9102%
355000, 95.8932%
356000, 95.8646%
357000, 95.8398%
358000, 95.8154%
359000, 95.7788%
360000, 95.7686%
361000, 95.7393%
362000, 95.7285%
363000, 95.711%
364000, 95.6849%
365000, 95.6767%
366000, 95.6383%
367000, 95.6335%
368000, 95.5932%
369000, 95.5851%
370000, 95.5565%
371000, 95.5423%
372000, 95.5231%
373000, 95.4928%
374000, 95.4866%
375000, 95.4483%
376000, 95.4359%
377000, 95.4061%
378000, 95.3818%
379000, 95.3678%
380000, 95.3332%
381000, 95.327%
382000, 95.2887%
383000, 95.293%
384000, 95.301%
385000, 95.3104%
386000, 95.3202%
387000, 95.3297%
388000, 95.3394%
389000, 95.3488%
390000, 95.3585%
391000, 95.3678%
392000, 95.3773%
393000, 95.3865%
394000, 95.3754%
395000, 95.3489%
396000, 95.3475%
397000, 95.3237%
398000, 95.3191%
399000, 95.2887%
400000, 95.2647%
401000, 95.2449%
402000, 95.2134%
403000, 95.206%
404000, 95.1785%
405000, 95.1657%
406000, 95.1473%
407000, 95.1327%
408000, 95.125%
409000, 95.099%
410000, 95.098%
411000, 95.0674%
412000, 95.0626%
413000, 95.0346%
414000, 95.0198%
415000, 95.0019%
416000, 94.9776%
417000, 94.9703%
418000, 94.9478%
419000, 94.9391%
420000, 94.9126%
421000, 94.8931%
422000, 94.8796%
423000, 94.8501%
424000, 94.8406%
425000, 94.8136%
426000, 94.7953%
427000, 94.7735%
428000, 94.7622%
429000, 94.7709%
430000, 94.7791%
431000, 94.7882%
432000, 94.7984%
433000, 94.8085%
434000, 94.8182%
435000, 94.8274%
436000, 94.8374%
437000, 94.8474%
438000, 94.8568%
439000, 94.8629%
440000, 94.842%
441000, 94.8388%
442000, 94.812%
443000, 94.7964%
444000, 94.7827%
445000, 94.7521%
446000, 94.7453%
447000, 94.721%
448000, 94.7087%
449000, 94.6978%
450000, 94.6718%
451000, 94.6712%
452000, 94.6453%
453000, 94.6364%
454000, 94.62%
455000, 94.6062%
456000, 94.5996%
457000, 94.5731%
458000, 94.5716%
459000, 94.5486%
460000, 94.5426%
461000, 94.5288%
462000, 94.5158%
463000, 94.5093%
464000, 94.486%
465000, 94.4809%
466000, 94.4592%
467000, 94.4516%
468000, 94.4357%
469000, 94.4211%
470000, 94.4166%
471000, 94.393%
472000, 94.39%
473000, 94.3767%
474000, 94.3738%
475000, 94.3834%
476000, 94.3931%
477000, 94.4027%
478000, 94.4119%
479000, 94.4219%
480000, 94.4319%
481000, 94.4414%
482000, 94.4504%
483000, 94.4603%
484000, 94.47%
485000, 94.4664%
486000, 94.4438%
487000, 94.4448%
488000, 94.4221%
489000, 94.4125%
490000, 94.3976%
491000, 94.3819%
492000, 94.375%
493000, 94.3533%
494000, 94.3532%
495000, 94.3366%
496000, 94.325%
497000, 94.3129%
498000, 94.2992%
499000, 94.295%
500000, 94.2778%
501000, 94.2808%
502000, 94.2635%
503000, 94.2628%
504000, 94.2512%
505000, 94.2455%
506000, 94.2377%
507000, 94.2243%
508000, 94.2189%
509000, 94.1978%
510000, 94.1994%
511000, 94.1738%
512000, 94.1604%
513000, 94.1497%
514000, 94.127%
515000, 94.1212%
516000, 94.1072%
517000, 94.1052%
518000, 94.0932%
519000, 94.0908%
520000, 94.0996%
521000, 94.1073%
522000, 94.1171%
523000, 94.1266%
524000, 94.1357%
525000, 94.1448%
526000, 94.1544%
527000, 94.1638%
528000, 94.1727%
529000, 94.1817%
530000, 94.1849%
531000, 94.1642%
532000, 94.1639%
533000, 94.1482%
534000, 94.1412%
535000, 94.1297%
536000, 94.117%
537000, 94.113%
538000, 94.0885%
539000, 94.0885%
540000, 94.073%
541000, 94.0691%
542000, 94.0568%
543000, 94.0444%
544000, 94.0392%
545000, 94.0217%
546000, 94.0249%
547000, 94.007%
548000, 94.0036%
549000, 93.9931%
550000, 93.9833%
551000, 93.978%
552000, 93.9612%
553000, 93.964%
554000, 93.9482%
555000, 93.9459%
556000, 93.9297%
557000, 93.916%
558000, 93.914%
559000, 93.8939%
560000, 93.8918%
561000, 93.88%
562000, 93.8735%
563000, 93.8693%
564000, 93.8676%
565000, 93.8749%
566000, 93.8829%
567000, 93.8915%
568000, 93.9009%
569000, 93.9102%
570000, 93.919%
571000, 93.9275%
572000, 93.9367%
573000, 93.9459%
574000, 93.9547%
575000, 93.9626%
576000, 93.9474%
577000, 93.9463%
578000, 93.9365%
579000, 93.9356%
580000, 93.9248%
581000, 93.9086%
582000, 93.906%
583000, 93.8882%
584000, 93.8736%
585000, 93.8646%
586000, 93.8497%
587000, 93.8458%
588000, 93.8293%
589000, 93.8268%
590000, 93.8181%
591000, 93.8093%
592000, 93.8061%
593000, 93.7872%
594000, 93.7914%
595000, 93.7768%
596000, 93.7787%
597000, 93.7645%
598000, 93.763%
599000, 93.7531%
600000, 93.745%
601000, 93.7418%
602000, 93.7269%
603000, 93.7317%
604000, 93.7149%
605000, 93.7076%
606000, 93.6969%
607000, 93.688%
608000, 93.6842%
609000, 93.6791%
610000, 93.6854%
611000, 93.6941%
612000, 93.7028%
613000, 93.7114%
614000, 93.7199%
615000, 93.7288%
616000, 93.7375%
617000, 93.746%
618000, 93.7544%
619000, 93.7632%
620000, 93.7718%
621000, 93.7565%
622000, 93.7527%
623000, 93.7451%
624000, 93.7324%
625000, 93.7298%
626000, 93.7137%
627000, 93.712%
628000, 93.6989%
629000, 93.689%
630000, 93.6876%
631000, 93.6857%
632000, 93.687%
633000, 93.6728%
634000, 93.6675%
635000, 93.662%
636000, 93.6502%
637000, 93.6463%
638000, 93.6306%
639000, 93.6286%
640000, 93.6181%
641000, 93.614%
642000, 93.6051%
643000, 93.5897%
644000, 93.5888%
645000, 93.5757%
646000, 93.5776%
647000, 93.5682%
648000, 93.5656%
649000, 93.5575%
650000, 93.5471%
651000, 93.5436%
652000, 93.5294%
653000, 93.5325%
654000, 93.5232%
655000, 93.5301%
656000, 93.538%
657000, 93.5409%
658000, 93.5307%
659000, 93.5234%
660000, 93.5117%
661000, 93.5092%
662000, 93.4971%
663000, 93.4991%
664000, 93.4899%
665000, 93.4947%
666000, 93.5014%
667000, 93.5045%
668000, 93.5014%
669000, 93.5025%
670000, 93.5073%
671000, 93.4985%
672000, 93.4981%
673000, 93.4893%
674000, 93.4926%
675000, 93.4818%
676000, 93.4836%
677000, 93.4756%
678000, 93.4748%
679000, 93.4744%
680000, 93.4687%
681000, 93.4709%
682000, 93.4614%
683000, 93.4644%
684000, 93.4608%
685000, 93.4358%
686000, 93.4076%
687000, 93.3694%
688000, 93.3403%
689000, 93.3132%
690000, 93.2883%
691000, 93.2784%
692000, 93.2455%
693000, 93.2072%
694000, 93.1823%
695000, 93.1699%
696000, 93.1468%
697000, 93.132%
698000, 93.0984%
699000, 93.0783%
700000, 93.0604%
701000, 93.0432%
702000, 93.0191%
703000, 93.0188%
704000, 93.0141%
705000, 93.0116%
706000, 93.0061%
707000, 92.9934%
708000, 92.9862%
709000, 92.98%
710000, 92.9837%
711000, 92.98%
712000, 92.9764%
713000, 92.9734%
714000, 92.9675%
715000, 92.9642%
716000, 92.9589%
717000, 92.9611%
718000, 92.9664%
719000, 92.9629%
720000, 92.9579%
721000, 92.9555%
722000, 92.9521%
723000, 92.9476%
724000, 92.9452%
725000, 92.9492%
726000, 92.9496%
727000, 92.9458%
728000, 92.9427%
729000, 92.9388%
730000, 92.9334%
731000, 92.9279%
732000, 92.9249%
733000, 92.933%
734000, 92.9309%
735000, 92.9307%
736000, 92.9292%
737000, 92.9288%
738000, 92.9249%
739000, 92.9223%
740000, 92.9259%
741000, 92.9286%
742000, 92.9261%
743000, 92.924%
744000, 92.9233%
745000, 92.9223%
746000, 92.9192%
747000, 92.9182%
748000, 92.9254%
749000, 92.9224%
750000, 92.9204%
751000, 92.9178%
752000, 92.919%
753000, 92.9169%
754000, 92.9151%
755000, 92.92%
756000, 92.9216%
757000, 92.9174%
758000, 92.9153%
759000, 92.9124%
760000, 92.9103%
761000, 92.91%
762000, 92.9113%
763000, 92.916%
764000, 92.9051%
765000, 92.9044%
766000, 92.9034%
767000, 92.9031%
768000, 92.8895%
769000, 92.8772%
770000, 92.8752%
771000, 92.8738%
772000, 92.8731%
773000, 92.8704%
774000, 92.869%
775000, 92.869%
776000, 92.8673%
777000, 92.8661%
778000, 92.8649%
779000, 92.8642%
780000, 92.8636%
781000, 92.8595%
782000, 92.8676%
783000, 92.8676%
784000, 92.862%
785000, 92.8438%
786000, 92.8162%
787000, 92.8118%
788000, 92.817%
789000, 92.8247%
790000, 92.8325%
791000, 92.8403%
792000, 92.8482%
793000, 92.856%
794000, 92.8637%
795000, 92.8714%
796000, 92.8793%
797000, 92.8869%
798000, 92.8837%
799000, 92.8723%
800000, 92.864%
801000, 92.8526%
802000, 92.8423%
803000, 92.8315%
804000, 92.8177%
805000, 92.8116%
806000, 92.8027%
807000, 92.7911%
808000, 92.7808%
809000, 92.771%
810000, 92.7585%
811000, 92.7433%
812000, 92.7337%
813000, 92.7219%
814000, 92.7088%
815000, 92.6988%
816000, 92.6892%
817000, 92.6798%
818000, 92.6784%
819000, 92.6825%
820000, 92.6874%
821000, 92.692%
822000, 92.6905%
823000, 92.6883%
824000, 92.6941%
825000, 92.6933%
826000, 92.6912%
827000, 92.6959%
828000, 92.69%
829000, 92.6865%
830000, 92.6913%
831000, 92.6983%
832000, 92.706%
833000, 92.7134%
834000, 92.7213%
835000, 92.7286%
836000, 92.7364%
837000, 92.7437%
838000, 92.7515%
839000, 92.7588%
840000, 92.7664%
841000, 92.7589%
842000, 92.7498%
843000, 92.7402%
844000, 92.7314%
845000, 92.7232%
846000, 92.7139%
847000, 92.7022%
848000, 92.6934%
849000, 92.6857%
850000, 92.6762%
851000, 92.6653%
852000, 92.6553%
853000, 92.6444%
854000, 92.6334%
855000, 92.6253%
856000, 92.6161%
857000, 92.6068%
858000, 92.5978%
859000, 92.5865%
860000, 92.5758%
861000, 92.5797%
862000, 92.5842%
863000, 92.589%
864000, 92.5956%
865000, 92.5945%
866000, 92.5994%
867000, 92.5974%
868000, 92.5938%
869000, 92.5895%
870000, 92.5861%
871000, 92.5836%
872000, 92.5818%
873000, 92.5874%
874000, 92.5947%
875000, 92.6021%
876000, 92.6094%
877000, 92.6165%
878000, 92.624%
879000, 92.6314%
880000, 92.6386%
881000, 92.6457%
882000, 92.6532%
883000, 92.6605%
884000, 92.6533%
885000, 92.6428%
886000, 92.6342%
887000, 92.6259%
888000, 92.6171%
889000, 92.6074%
890000, 92.5976%
891000, 92.588%
892000, 92.5775%
893000, 92.5689%
894000, 92.56%
895000, 92.5488%
896000, 92.5415%
897000, 92.5334%
898000, 92.5264%
899000, 92.5189%
900000, 92.5116%
901000, 92.5044%
902000, 92.4967%
903000, 92.4887%
904000, 92.4909%
905000, 92.4888%
906000, 92.4898%
907000, 92.4873%
908000, 92.4909%
909000, 92.4968%
910000, 92.5008%
911000, 92.503%
912000, 92.5061%
913000, 92.5056%
914000, 92.5038%
915000, 92.5042%
916000, 92.5096%
917000, 92.5161%
918000, 92.5233%
919000, 92.5304%
920000, 92.5374%
921000, 92.5444%
922000, 92.5516%
923000, 92.5586%
924000, 92.5656%
925000, 92.5725%
926000, 92.5797%
927000, 92.5727%
928000, 92.5643%
929000, 92.5564%
930000, 92.5483%
931000, 92.5386%
932000, 92.5293%
933000, 92.5208%
934000, 92.5134%
935000, 92.5048%
936000, 92.4956%
937000, 92.4848%
938000, 92.4771%
939000, 92.4693%
940000, 92.4595%
941000, 92.452%
942000, 92.4449%
943000, 92.4357%
944000, 92.4284%
945000, 92.4207%
946000, 92.4127%
947000, 92.4162%
948000, 92.4179%
949000, 92.4168%
950000, 92.4171%
951000, 92.422%
952000, 92.4267%
953000, 92.4286%
954000, 92.4296%
955000, 92.4311%
956000, 92.4315%
957000, 92.4274%
958000, 92.4285%
959000, 92.4337%
960000, 92.4397%
961000, 92.4466%
962000, 92.4533%
963000, 92.4604%
964000, 92.467%
965000, 92.474%
966000, 92.4806%
967000, 92.4877%
968000, 92.4942%
969000, 92.5011%
970000, 92.4973%
971000, 92.4885%
972000, 92.4808%
973000, 92.4724%
974000, 92.4618%
975000, 92.4528%
976000, 92.4442%
977000, 92.4345%
978000, 92.4241%
979000, 92.4143%
980000, 92.407%
981000, 92.3995%
982000, 92.3901%
983000, 92.385%
984000, 92.3785%
985000, 92.3705%
986000, 92.3628%
987000, 92.3541%
988000, 92.3456%
989000, 92.339%
990000, 92.3436%
991000, 92.3428%
992000, 92.3426%
993000, 92.3419%
994000, 92.3443%
995000, 92.3451%
996000, 92.3464%
997000, 92.3515%
998000, 92.3532%
999000, 92.3528%
1000000, 92.3528%
1001000, 92.3533%
1002000, 92.3586%
1003000, 92.3649%
1004000, 92.3715%
1005000, 92.378%
1006000, 92.3846%
1007000, 92.3913%
1008000, 92.398%
1009000, 92.4045%
1010000, 92.411%
1011000, 92.4176%
1012000, 92.4243%
1013000, 92.4229%
1014000, 92.4147%
1015000, 92.4064%
1016000, 92.3994%
1017000, 92.3933%
1018000, 92.3832%
1019000, 92.3769%
1020000, 92.3682%
1021000, 92.3626%
1022000, 92.3551%
1023000, 92.3462%
1024000, 92.3383%
1025000, 92.3292%
1026000, 92.3208%
1027000, 92.3151%
1028000, 92.3078%
1029000, 92.3018%
1030000, 92.2926%
1031000, 92.286%
1032000, 92.2811%
1033000, 92.2825%
1034000, 92.2839%
1035000, 92.2854%
1036000, 92.2869%
1037000, 92.2909%
1038000, 92.2959%
1039000, 92.3%
1040000, 92.3042%
1041000, 92.3059%
1042000, 92.3032%
1043000, 92.3016%
1044000, 92.3058%
1045000, 92.3112%
1046000, 92.317%
1047000, 92.3233%
1048000, 92.3298%
1049000, 92.3361%
1050000, 92.3426%
1051000, 92.3489%
1052000, 92.3553%
1053000, 92.3616%
1054000, 92.368%
1055000, 92.3743%
1056000, 92.3719%
1057000, 92.3626%
1058000, 92.3545%
1059000, 92.348%
1060000, 92.3402%
1061000, 92.3337%
1062000, 92.3251%
1063000, 92.3183%
1064000, 92.3102%
1065000, 92.3024%
1066000, 92.2949%
1067000, 92.2874%
1068000, 92.2794%
1069000, 92.2729%
1070000, 92.2653%
1071000, 92.2599%
1072000, 92.2521%
1073000, 92.2449%
1074000, 92.2387%
1075000, 92.2345%
1076000, 92.2383%
1077000, 92.2421%
1078000, 92.2432%
1079000, 92.2477%
1080000, 92.2502%
1081000, 92.2534%
1082000, 92.256%
1083000, 92.2599%
1084000, 92.2626%
1085000, 92.2611%
1086000, 92.2621%
1087000, 92.2648%
1088000, 92.27%
1089000, 92.2756%
1090000, 92.2818%
1091000, 92.2881%
1092000, 92.2943%
1093000, 92.3003%
1094000, 92.3066%
1095000, 92.3128%
1096000, 92.319%
1097000, 92.3249%
1098000, 92.3311%
1099000, 92.3275%
1100000, 92.3185%
1101000, 92.3116%
1102000, 92.3055%
1103000, 92.2997%
1104000, 92.2935%
1105000, 92.2854%
1106000, 92.2783%
1107000, 92.27%
1108000, 92.2623%
1109000, 92.2547%
1110000, 92.2486%
1111000, 92.2418%
1112000, 92.2346%
1113000, 92.2288%
1114000, 92.2229%
1115000, 92.2162%
1116000, 92.2099%
1117000, 92.2036%
1118000, 92.1987%
1119000, 92.2038%
1120000, 92.2053%
1121000, 92.2029%
1122000, 92.2014%
1123000, 92.2037%
1124000, 92.2066%
1125000, 92.2118%
1126000, 92.2159%
1127000, 92.2192%
1128000, 92.2237%
1129000, 92.2232%
1130000, 92.2274%
1131000, 92.2317%
1132000, 92.2373%
1133000, 92.2433%
1134000, 92.2492%
1135000, 92.2553%
1136000, 92.2612%
1137000, 92.2673%
1138000, 92.2731%
1139000, 92.2792%
1140000, 92.285%
1141000, 92.2911%
1142000, 92.2866%
1143000, 92.2803%
1144000, 92.2742%
1145000, 92.2687%
1146000, 92.2617%
1147000, 92.2555%
1148000, 92.2495%
1149000, 92.2421%
1150000, 92.2414%
1151000, 92.2337%
1152000, 92.2269%
1153000, 92.2207%
1154000, 92.2147%
1155000, 92.2087%
1156000, 92.2029%
1157000, 92.1961%
1158000, 92.1896%
1159000, 92.185%
1160000, 92.1793%
1161000, 92.1755%
1162000, 92.1785%
1163000, 92.1794%
1164000, 92.1797%
1165000, 92.1833%
1166000, 92.1817%
1167000, 92.1808%
1168000, 92.1837%
1169000, 92.186%
1170000, 92.1896%
1171000, 92.1945%
1172000, 92.1976%
1173000, 92.2013%
1174000, 92.2067%
1175000, 92.211%
1176000, 92.2153%
1177000, 92.2114%
1178000, 92.2048%
1179000, 92.2067%
1180000, 92.2032%
1181000, 92.1968%
1182000, 92.1891%
1183000, 92.1832%
1184000, 92.1774%
1185000, 92.1787%
1186000, 92.1761%
1187000, 92.1722%
1188000, 92.1707%
1189000, 92.1671%
1190000, 92.1676%
1191000, 92.1719%
1192000, 92.1751%
1193000, 92.1785%
1194000, 92.1836%
1195000, 92.189%
1196000, 92.1929%
1197000, 92.1977%
1198000, 92.2002%
1199000, 92.2057%
1200000, 92.2103%
1201000, 92.2151%
1202000, 92.2179%
1203000, 92.2187%
1204000, 92.2217%
1205000, 92.2271%
1206000, 92.2309%
1207000, 92.2349%
1208000, 92.2395%
1209000, 92.243%
1210000, 92.2454%
1211000, 92.2462%
1212000, 92.2493%
1213000, 92.2549%
1214000, 92.2611%
1215000, 92.2673%
1216000, 92.2735%
1217000, 92.2797%
1218000, 92.2859%
1219000, 92.292%
1220000, 92.2982%
1221000, 92.3043%
1222000, 92.3105%
1223000, 92.3166%
1224000, 92.3227%
1225000, 92.3289%
1226000, 92.335%
1227000, 92.3346%
1228000, 92.3307%
1229000, 92.3308%
1230000, 92.3325%
1231000, 92.3324%
1232000, 92.3342%
1233000, 92.3367%
1234000, 92.3403%
1235000, 92.3434%
1236000, 92.3467%
1237000, 92.35%
1238000, 92.3539%
1239000, 92.3572%
1240000, 92.3612%
1241000, 92.3645%
1242000, 92.3674%
1243000, 92.3698%
1244000, 92.3743%
1245000, 92.3785%
1246000, 92.3827%
1247000, 92.3869%
1248000, 92.3909%
1249000, 92.3877%
1250000, 92.3918%
1251000, 92.3967%
1252000, 92.402%
1253000, 92.4075%
1254000, 92.4132%
1255000, 92.419%
1256000, 92.4249%
1257000, 92.4308%
1258000, 92.4366%
1259000, 92.4425%
1260000, 92.4483%
1261000, 92.4542%
1262000, 92.4601%
1263000, 92.4659%
1264000, 92.4717%
1265000, 92.4775%
1266000, 92.4806%
1267000, 92.4846%
1268000, 92.4891%
1269000, 92.4932%
1270000, 92.4969%
1271000, 92.5005%
1272000, 92.506%
1273000, 92.5094%
1274000, 92.5144%
1275000, 92.5201%
1276000, 92.5258%
1277000, 92.5315%
1278000, 92.5372%
1279000, 92.5428%
1280000, 92.5485%
1281000, 92.5542%
1282000, 92.5598%
1283000, 92.5656%
1284000, 92.5712%
1285000, 92.5768%
1286000, 92.5824%
1287000, 92.588%
1288000, 92.5936%
1289000, 92.5978%
1290000, 92.6012%
1291000, 92.6041%
1292000, 92.6057%
1293000, 92.6084%
1294000, 92.6117%
1295000, 92.6157%
1296000, 92.6198%
1297000, 92.6234%
1298000, 92.6276%
1299000, 92.6314%
1300000, 92.6357%
1301000, 92.6397%
1302000, 92.6431%
1303000, 92.6484%
1304000, 92.6538%
1305000, 92.6582%
1306000, 92.6637%
1307000, 92.6692%
1308000, 92.6746%
1309000, 92.6801%
1310000, 92.6855%
1311000, 92.6909%
1312000, 92.6963%
1313000, 92.7018%
1314000, 92.7072%
1315000, 92.7125%
1316000, 92.7179%
1317000, 92.7233%
1318000, 92.7118%
1319000, 92.7083%
1320000, 92.7078%
1321000, 92.7108%
1322000, 92.7133%
1323000, 92.7169%
1324000, 92.7193%
1325000, 92.7208%
1326000, 92.7222%
1327000, 92.7253%
1328000, 92.7262%
1329000, 92.7269%
1330000, 92.7306%
1331000, 92.7321%
1332000, 92.7312%
1333000, 92.732%
1334000, 92.7336%
1335000, 92.7364%
1336000, 92.7396%
1337000, 92.7435%
1338000, 92.7472%
1339000, 92.7491%
1340000, 92.7522%
1341000, 92.7547%
1342000, 92.7573%
1343000, 92.7576%
1344000, 92.7584%
1345000, 92.759%
1346000, 92.7593%
1347000, 92.7603%
1348000, 92.7615%
1349000, 92.7637%
1350000, 92.7659%
1351000, 92.7664%
1352000, 92.7686%
1353000, 92.7687%
1354000, 92.7705%
1355000, 92.7732%
1356000, 92.7763%
1357000, 92.7787%
1358000, 92.7814%
1359000, 92.7837%
1360000, 92.7855%
1361000, 92.7849%
1362000, 92.7863%
1363000, 92.7886%
1364000, 92.7919%
1365000, 92.7947%
1366000, 92.7963%
1367000, 92.7973%
1368000, 92.7981%
1369000, 92.8001%
1370000, 92.8029%
1371000, 92.8055%
1372000, 92.808%
1373000, 92.8098%
1374000, 92.8119%
1375000, 92.8137%
1376000, 92.8133%
1377000, 92.8145%
1378000, 92.817%
1379000, 92.82%
1380000, 92.8228%
1381000, 92.8245%
1382000, 92.826%
1383000, 92.8265%
1384000, 92.8289%
1385000, 92.8313%
1386000, 92.8323%
1387000, 92.834%
1388000, 92.8371%
1389000, 92.8398%
1390000, 92.8413%
1391000, 92.8427%
1392000, 92.845%
1393000, 92.8461%
1394000, 92.8489%
1395000, 92.8506%
1396000, 92.8526%
1397000, 92.8533%
1398000, 92.8554%
1399000, 92.8584%
1400000, 92.8613%
1401000, 92.865%
1402000, 92.8671%
1403000, 92.8708%
1404000, 92.8714%
1405000, 92.8723%
1406000, 92.8723%
1407000, 92.8738%
1408000, 92.8768%
1409000, 92.8795%
1410000, 92.8823%
1411000, 92.885%
1412000, 92.8871%
1413000, 92.8889%
1414000, 92.8914%
1415000, 92.8936%
1416000, 92.8963%
1417000, 92.8983%
1418000, 92.9012%
1419000, 92.9032%
1420000, 92.9035%
1421000, 92.9055%
1422000, 92.9075%
1423000, 92.9104%
1424000, 92.9138%
1425000, 92.9171%
1426000, 92.9168%
1427000, 92.9167%
1428000, 92.9165%
1429000, 92.9178%
1430000, 92.9199%
1431000, 92.9224%
1432000, 92.9258%
1433000, 92.9287%
1434000, 92.9313%
1435000, 92.9339%
1436000, 92.9353%
1437000, 92.9375%
1438000, 92.9401%
1439000, 92.9435%
1440000, 92.9456%
1441000, 92.9462%
1442000, 92.9469%
1443000, 92.9497%
1444000, 92.9488%
1445000, 92.9493%
1446000, 92.9499%
1447000, 92.9525%
1448000, 92.9539%
1449000, 92.9561%
1450000, 92.9591%
1451000, 92.9618%
1452000, 92.9644%
1453000, 92.9674%
1454000, 92.9704%
1455000, 92.9732%
1456000, 92.9758%
1457000, 92.9783%
1458000, 92.9815%
1459000, 92.9853%
1460000, 92.9866%
1461000, 92.99%
1462000, 92.9919%
1463000, 92.9956%
1464000, 92.9993%
1465000, 93.0024%
1466000, 93.0046%
1467000, 93.0014%
1468000, 92.9972%
1469000, 92.9995%
1470000, 92.9986%
1471000, 92.995%
1472000, 92.9935%
1473000, 92.9849%
1474000, 92.9792%
1475000, 92.9711%
1476000, 92.9661%
1477000, 92.9644%
1478000, 92.9649%
1479000, 92.9633%
1480000, 92.9634%
1481000, 92.963%
1482000, 92.9609%
1483000, 92.9635%
1484000, 92.9644%
1485000, 92.9657%
1486000, 92.9653%
1487000, 92.9626%
1488000, 92.9612%
1489000, 92.9595%
1490000, 92.9614%
1491000, 92.9628%
1492000, 92.9619%
1493000, 92.9602%
1494000, 92.9594%
1495000, 92.9575%
1496000, 92.9566%
1497000, 92.9568%
1498000, 92.9609%
1499000, 92.9604%
1500000, 92.9588%
1501000, 92.9581%
1502000, 92.9568%
1503000, 92.9558%
1504000, 92.9545%
1505000, 92.9561%
1506000, 92.9571%
1507000, 92.9562%
1508000, 92.9538%
1509000, 92.9531%
1510000, 92.9531%
1511000, 92.9514%
1512000, 92.9503%
1513000, 92.9541%
1514000, 92.954%
1515000, 92.9539%
1516000, 92.9532%
1517000, 92.9525%
1518000, 92.9509%
1519000, 92.9502%
1520000, 92.9526%
1521000, 92.9541%
1522000, 92.9529%
1523000, 92.9518%
1524000, 92.9516%
1525000, 92.9508%
1526000, 92.949%
1527000, 92.9491%
1528000, 92.9522%
1529000, 92.9498%
1530000, 92.9462%
1531000, 92.9453%
1532000, 92.9462%
1533000, 92.9455%
1534000, 92.9446%
1535000, 92.9486%
1536000, 92.948%
1537000, 92.9478%
1538000, 92.9464%
1539000, 92.9459%
1540000, 92.9455%
1541000, 92.9452%
1542000, 92.9477%
1543000, 92.948%
1544000, 92.9477%
1545000, 92.9477%
1546000, 92.9485%
1547000, 92.9461%
1548000, 92.9408%
1549000, 92.9404%
1550000, 92.9404%
1551000, 92.9402%
1552000, 92.9396%
1553000, 92.9388%
1554000, 92.9381%
1555000, 92.9376%
1556000, 92.9371%
1557000, 92.9369%
1558000, 92.9361%
1559000, 92.9358%
1560000, 92.9352%
1561000, 92.9384%
1562000, 92.9419%
1563000, 92.9441%
1564000, 92.9477%
1565000, 92.9457%
1566000, 92.9413%
1567000, 92.9421%
1568000, 92.9443%
1569000, 92.9472%
1570000, 92.9508%
1571000, 92.9542%
1572000, 92.958%
1573000, 92.9618%
1574000, 92.9655%
1575000, 92.9692%
1576000, 92.9732%
1577000, 92.9771%
1578000, 92.9808%
1579000, 92.9845%
1580000, 92.9885%
1581000, 92.9862%
1582000, 92.9836%
1583000, 92.9822%
1584000, 92.9798%
1585000, 92.9809%
1586000, 92.9758%
1587000, 92.9779%
1588000, 92.9727%
1589000, 92.9742%
1590000, 92.9694%
1591000, 92.9678%
1592000, 92.9648%
1593000, 92.9605%
1594000, 92.9599%
1595000, 92.9556%
1596000, 92.9563%
1597000, 92.9522%
1598000, 92.9508%
1599000, 92.9478%
1600000, 92.9448%
1601000, 92.9434%
1602000, 92.9389%
1603000, 92.9385%
1604000, 92.9321%
1605000, 92.9315%
1606000, 92.9281%
1607000, 92.9265%
1608000, 92.9235%
1609000, 92.9176%
1610000, 92.917%
1611000, 92.911%
1612000, 92.9085%
1613000, 92.9068%
1614000, 92.9056%
1615000, 92.9089%
1616000, 92.9125%
1617000, 92.9161%
1618000, 92.92%
1619000, 92.9237%
1620000, 92.9275%
1621000, 92.9312%
1622000, 92.935%
1623000, 92.9388%
1624000, 92.9426%
1625000, 92.9453%
1626000, 92.9407%
1627000, 92.9412%
1628000, 92.9367%
1629000, 92.9354%
1630000, 92.9337%
1631000, 92.9304%
1632000, 92.9302%
1633000, 92.9253%
1634000, 92.927%
1635000, 92.9222%
1636000, 92.924%
1637000, 92.9182%
1638000, 92.9158%
1639000, 92.9145%
1640000, 92.9105%
1641000, 92.9112%
1642000, 92.906%
1643000, 92.9079%
1644000, 92.903%
1645000, 92.902%
1646000, 92.899%
1647000, 92.8953%
1648000, 92.8959%
1649000, 92.891%
1650000, 92.8894%
1651000, 92.8869%
1652000, 92.8844%
1653000, 92.8835%
1654000, 92.8787%
1655000, 92.8787%
1656000, 92.8745%
1657000, 92.8717%
1658000, 92.8708%
1659000, 92.8688%
1660000, 92.8716%
1661000, 92.8753%
1662000, 92.8788%
1663000, 92.8824%
1664000, 92.8861%
1665000, 92.8899%
1666000, 92.8935%
1667000, 92.8972%
1668000, 92.9008%
1669000, 92.9046%
1670000, 92.9083%
1671000, 92.9048%
1672000, 92.9035%
1673000, 92.901%
1674000, 92.8976%
1675000, 92.8974%
1676000, 92.8922%
1677000, 92.8927%
1678000, 92.889%
1679000, 92.8859%
1680000, 92.8836%
1681000, 92.8781%
1682000, 92.8789%
1683000, 92.8749%
1684000, 92.8747%
1685000, 92.8728%
1686000, 92.8694%
1687000, 92.8701%
1688000, 92.8648%
1689000, 92.8665%
1690000, 92.8605%
1691000, 92.8603%
1692000, 92.8572%
1693000, 92.855%
1694000, 92.8532%
1695000, 92.8486%
1696000, 92.8491%
1697000, 92.8437%
1698000, 92.8436%
1699000, 92.8403%
1700000, 92.8362%
1701000, 92.8356%
1702000, 92.831%
1703000, 92.8323%
1704000, 92.8283%
1705000, 92.8307%
1706000, 92.8341%
1707000, 92.8374%
1708000, 92.8411%
1709000, 92.8447%
1710000, 92.8484%
1711000, 92.8519%
1712000, 92.8555%
1713000, 92.8591%
1714000, 92.8628%
1715000, 92.8664%
1716000, 92.866%
1717000, 92.862%
1718000, 92.8629%
1719000, 92.8584%
1720000, 92.8592%
1721000, 92.8549%
1722000, 92.8528%
1723000, 92.8506%
1724000, 92.8459%
1725000, 92.8465%
1726000, 92.8428%
1727000, 92.8423%
1728000, 92.8406%
1729000, 92.8392%
1730000, 92.8388%
1731000, 92.8352%
1732000, 92.8359%
1733000, 92.8314%
1734000, 92.832%
1735000, 92.8269%
1736000, 92.8257%
1737000, 92.8234%
1738000, 92.8198%
1739000, 92.8202%
1740000, 92.8152%
1741000, 92.8157%
1742000, 92.812%
1743000, 92.8099%
1744000, 92.8076%
1745000, 92.8025%
1746000, 92.803%
1747000, 92.797%
1748000, 92.7946%
1749000, 92.7926%
1750000, 92.7915%
1751000, 92.7948%
1752000, 92.798%
1753000, 92.8014%
1754000, 92.805%
1755000, 92.8087%
1756000, 92.8122%
1757000, 92.8156%
1758000, 92.8192%
1759000, 92.8229%
1760000, 92.8264%
1761000, 92.8295%
1762000, 92.826%
1763000, 92.8264%
1764000, 92.8224%
1765000, 92.8201%
1766000, 92.8183%
1767000, 92.8138%
1768000, 92.8141%
1769000, 92.8101%
1770000, 92.8074%
1771000, 92.8065%
1772000, 92.8015%
1773000, 92.8029%
1774000, 92.7984%
1775000, 92.7983%
1776000, 92.7953%
1777000, 92.7917%
1778000, 92.791%
1779000, 92.7861%
1780000, 92.7874%
1781000, 92.7837%
1782000, 92.7824%
1783000, 92.7809%
1784000, 92.7784%
1785000, 92.7774%
1786000, 92.7731%
1787000, 92.7742%
1788000, 92.7699%
1789000, 92.7695%
1790000, 92.767%
1791000, 92.7643%
1792000, 92.7644%
1793000, 92.7594%
1794000, 92.7599%
1795000, 92.7576%
1796000, 92.7586%
1797000, 92.762%
1798000, 92.7655%
1799000, 92.7689%
1800000, 92.7723%
1801000, 92.7758%
1802000, 92.7794%
1803000, 92.7829%
1804000, 92.7862%
1805000, 92.7897%
1806000, 92.7933%
1807000, 92.7937%
1808000, 92.7898%
1809000, 92.7914%
1810000, 92.786%
1811000, 92.7842%
1812000, 92.7816%
1813000, 92.7785%
1814000, 92.7786%
1815000, 92.7738%
1816000, 92.7743%
1817000, 92.7714%
1818000, 92.7697%
1819000, 92.7684%
1820000, 92.7651%
1821000, 92.7653%
1822000, 92.7606%
1823000, 92.7624%
1824000, 92.7575%
1825000, 92.758%
1826000, 92.7546%
1827000, 92.7531%
1828000, 92.7514%
1829000, 92.7487%
1830000, 92.7486%
1831000, 92.744%
1832000, 92.7448%
1833000, 92.7396%
1834000, 92.7375%
1835000, 92.7365%
1836000, 92.7308%
1837000, 92.7305%
1838000, 92.7266%
1839000, 92.7258%
1840000, 92.7243%
1841000, 92.7243%
1842000, 92.7274%
1843000, 92.7305%
1844000, 92.7339%
1845000, 92.7374%
1846000, 92.7407%
1847000, 92.7442%
1848000, 92.7475%
1849000, 92.751%
1850000, 92.7543%
1851000, 92.7578%
1852000, 92.76%
1853000, 92.7552%
1854000, 92.7557%
1855000, 92.7519%
1856000, 92.7511%
1857000, 92.7491%
1858000, 92.7459%
1859000, 92.7458%
1860000, 92.7402%
1861000, 92.7402%
1862000, 92.7366%
1863000, 92.7356%
1864000, 92.7332%
1865000, 92.7307%
1866000, 92.7307%
1867000, 92.7265%
1868000, 92.7278%
1869000, 92.7239%
1870000, 92.7234%
1871000, 92.7206%
1872000, 92.7184%
1873000, 92.7177%
1874000, 92.7137%
1875000, 92.7157%
1876000, 92.7116%
1877000, 92.7115%
1878000, 92.7084%
1879000, 92.7051%
1880000, 92.7053%
1881000, 92.7006%
1882000, 92.7004%
1883000, 92.6976%
1884000, 92.6955%
1885000, 92.6952%
1886000, 92.6949%
1887000, 92.6979%
1888000, 92.7009%
1889000, 92.7043%
1890000, 92.7076%
1891000, 92.711%
1892000, 92.7143%
1893000, 92.7176%
1894000, 92.721%
1895000, 92.7243%
1896000, 92.7276%
1897000, 92.731%
1898000, 92.7268%
1899000, 92.7264%
1900000, 92.7239%
1901000, 92.723%
1902000, 92.7213%
1903000, 92.7176%
1904000, 92.7169%
1905000, 92.7121%
1906000, 92.7095%
1907000, 92.7078%
1908000, 92.7036%
1909000, 92.7041%
1910000, 92.6996%
1911000, 92.6993%
1912000, 92.6981%
1913000, 92.696%
1914000, 92.6963%
1915000, 92.692%
1916000, 92.6935%
1917000, 92.6902%
1918000, 92.6911%
1919000, 92.6872%
1920000, 92.6867%
1921000, 92.6844%
1922000, 92.6823%
1923000, 92.6822%
1924000, 92.6781%
1925000, 92.6796%
1926000, 92.6755%
1927000, 92.6748%
1928000, 92.6717%
1929000, 92.6698%
1930000, 92.6691%
1931000, 92.6683%
1932000, 92.6709%
1933000, 92.6741%
1934000, 92.6774%
1935000, 92.6805%
1936000, 92.6838%
1937000, 92.6871%
1938000, 92.6904%
1939000, 92.6937%
1940000, 92.6969%
1941000, 92.7002%
1942000, 92.7035%
1943000, 92.7008%
1944000, 92.6999%
1945000, 92.6986%
1946000, 92.6951%
1947000, 92.6952%
1948000, 92.6913%
1949000, 92.6913%
1950000, 92.6884%
1951000, 92.6852%
1952000, 92.6855%
1953000, 92.6858%
1954000, 92.6874%
1955000, 92.6827%
1956000, 92.6817%
1957000, 92.6799%
1958000, 92.6761%
1959000, 92.6766%
1960000, 92.673%
1961000, 92.6727%
1962000, 92.6702%
1963000, 92.6689%
1964000, 92.6676%
1965000, 92.6627%
1966000, 92.6635%
1967000, 92.6592%
1968000, 92.6608%
1969000, 92.6582%
1970000, 92.6578%
1971000, 92.6559%
1972000, 92.6531%
1973000, 92.6528%
1974000, 92.6497%
1975000, 92.651%
1976000, 92.6479%
1977000, 92.6506%
1978000, 92.6536%
1979000, 92.6564%
1980000, 92.6566%
1981000, 92.6557%
1982000, 92.6544%
1983000, 92.6542%
1984000, 92.6514%
1985000, 92.6522%
1986000, 92.6502%
1987000, 92.6521%
1988000, 92.6549%
1989000, 92.6575%
1990000, 92.6558%
1991000, 92.657%
1992000, 92.659%
1993000, 92.6572%
1994000, 92.6569%
1995000, 92.6551%
1996000, 92.6568%
1997000, 92.6535%
1998000, 92.6551%
1999000, 92.6528%
2000000, 92.6532%


final accurracy, 92.6532%
